feature_set,ordinal_macro_f1,permuted_macro_f1_mean,permuted_macro_f1_std,permuted_macro_f1_min,permuted_macro_f1_max,max_abs_macro_f1_delta_vs_ordinal,ordinal_balanced_accuracy,permuted_balanced_accuracy_mean,permuted_balanced_accuracy_min,permuted_balanced_accuracy_max,n_permutations
core,0.9975539436842062,0.998044674241466,0.000734429573655505,0.996730886680362,0.9983731211317419,0.0008230570038442186,0.998021209261007,0.9987954028093942,0.996730886680362,0.9993115318416523,5
no_threat_descriptors,0.9905882358739222,0.9898258588910844,0.0010934379616037652,0.988570828440872,0.9913142565094197,0.0020174074330502334,0.9941004871811154,0.9915235735951716,0.9902233001469354,0.9928226031849592,5
