feature_set,ordinal_macro_f1,permuted_macro_f1_mean,permuted_macro_f1_std,permuted_macro_f1_min,permuted_macro_f1_max,max_abs_macro_f1_delta_vs_ordinal,ordinal_balanced_accuracy,permuted_balanced_accuracy_mean,permuted_balanced_accuracy_min,permuted_balanced_accuracy_max,n_permutations
core,0.9983731211317419,0.998044674241466,0.000734429573655505,0.996730886680362,0.9983731211317419,0.001642234451379898,0.9993115318416523,0.9987954028093942,0.996730886680362,0.9993115318416523,5
no_threat_descriptors,0.9900909356046756,0.9895702678367714,0.0012693801841777883,0.9884084847480377,0.9913142565094197,0.0016824508566379848,0.9928101646004702,0.9912655090790427,0.9902233001469354,0.9928226031849592,5
