train_pct,test_window,train_rows,test_rows,macro_f1,balanced_accuracy,errors
60,60-70,106293,17718,0.8054644276790457,0.8135135135135135,69
70,70-80,124011,17714,0.9844143502019481,0.9978260869565216,5
80,80-90,141725,17721,0.9825757575757577,0.9826086956521738,6
90,90-100,159446,17710,0.8015815180785099,0.8014673026034321,225
