feature_set,macro_f1_mean,macro_f1_std,balanced_accuracy_mean,reset_both_f1_mean,reset_both_f1_std,reset_server_f1_mean,reset_server_f1_std,n_seeds
core,0.9974229090666155,0.0009004817616023015,0.9977950804358976,0.9975021467985636,0.0011083971579274885,0.9900213278724828,0.00354067070913244,10
no_threat_descriptors,0.9882937612349583,0.0024382116865502806,0.9933062154465804,0.9956856278252593,0.0011539138921981985,0.9464324280965283,0.011155830767146675,10
