split,feature_set,train_rows,test_rows,accuracy,balanced_accuracy_fixed_labels,macro_f1,errors
stratified_holdout,core,141724,35432,0.9999153307744412,0.998021209261007,0.9975539436842062,3
stratified_holdout,no_threat_descriptors,141724,35432,0.9996048769473922,0.9941004871811154,0.9905882358739222,14
stratified_holdout,minimal_context,141724,35432,0.9992379769699706,0.9863150166515325,0.982612928923681,27
chronological_holdout,core,141725,35431,0.9933109423950778,0.842110883399849,0.8663847798541943,237
chronological_holdout,no_threat_descriptors,141725,35431,0.9880048545059411,0.7875823757858258,0.8337607388444244,425
chronological_holdout,minimal_context,141725,35431,0.9865654370466541,0.7866806228827544,0.8270961627742016,476
