model,feature_set,split,train_rows,test_rows,features,accuracy,balanced_accuracy,macro_f1,weighted_f1,log_loss,brier,ece_10,errors,mean_confidence_correct,mean_confidence_wrong
XGBoost,core,stratified_holdout,141724,35432,20,0.9999153307744412,0.998021209261007,0.9975539436842062,0.9999154304346767,0.0005785059757363389,0.00014864851254969835,7.140708359268134e-05,3,0.999899685382843,0.797746479511261
XGBoost,no_threat_descriptors,stratified_holdout,141724,35432,17,0.9996048769473922,0.9941004871811154,0.9905882358739222,0.9996085795832343,0.00155356132195499,0.0006684046820737422,0.00020742280457939748,14,0.9996020793914795,0.7280078530311584
XGBoost,minimal_context,stratified_holdout,141724,35432,11,0.9992379769699706,0.9863150166515325,0.982612928923681,0.9992449687651646,0.0020520669467523783,0.0010775970295071602,0.00016371334099050407,27,0.9995039701461792,0.7084333896636963
XGBoost,core,chronological_holdout,141724,35432,20,0.9933111311808535,0.842110883399849,0.8663848033363127,0.9914042501329289,0.02521124352651226,0.011478003114461899,0.004559069883678045,237,0.9985610246658325,0.8952786326408386
XGBoost,no_threat_descriptors,chronological_holdout,141724,35432,17,0.9885696545495597,0.7942515625066386,0.838867485699487,0.9863554024027985,0.06306758812646887,0.019643215462565422,0.006783260318092553,405,0.9963207244873047,0.8590461611747742
XGBoost,minimal_context,chronological_holdout,141724,35432,11,0.9878358545947167,0.795615287455176,0.8362081591003534,0.9856624359539942,0.06360481473113416,0.021315529942512512,0.007919970288331031,431,0.9959867000579834,0.8645049333572388
