model,feature_set,split,train_rows,test_rows,features,accuracy,balanced_accuracy,macro_f1,weighted_f1,log_loss,brier,ece_10,errors,mean_confidence_correct,mean_confidence_wrong
XGBoost,core,stratified_holdout,141724,35432,20,0.9999153307744412,0.998021209261007,0.9975539436842062,0.9999154304346767,0.0005785059757363389,0.00014864851254969835,7.140708359268134e-05,3,0.999899685382843,0.797746479511261
XGBoost,no_threat_descriptors,stratified_holdout,141724,35432,17,0.9996048769473922,0.9941004871811154,0.9905882358739222,0.9996085795832343,0.00155356132195499,0.0006684046820737422,0.00020742280457939748,14,0.9996020793914795,0.7280078530311584
XGBoost,minimal_context,stratified_holdout,141724,35432,11,0.9992379769699706,0.9863150166515325,0.982612928923681,0.9992449687651646,0.0020520669467523783,0.0010775970295071602,0.00016371334099050407,27,0.9995039701461792,0.7084333896636963
XGBoost,core,chronological_holdout,141725,35431,20,0.9933109423950778,0.842110883399849,0.8663847798541943,0.9914040078655928,0.024868738275723147,0.011299720034003258,0.00482290176549759,237,0.9985264539718628,0.8873212337493896
XGBoost,no_threat_descriptors,chronological_holdout,141725,35431,17,0.9880048545059411,0.7875823757858258,0.8337607388444244,0.9856812860328675,0.06421801143183345,0.02030467800796032,0.0071005737694719165,425,0.9962443709373474,0.8508290648460388
XGBoost,minimal_context,chronological_holdout,141725,35431,11,0.9865654370466541,0.7866806228827544,0.8270961627742016,0.9843231502831872,0.06468148343146485,0.022278212010860443,0.007831746932126597,476,0.9962257146835327,0.8441520929336548
