model,feature_set,split,train_rows,test_rows,features,accuracy,balanced_accuracy,macro_f1,weighted_f1,log_loss,brier,ece_10,errors,mean_confidence_correct,mean_confidence_wrong
XGBoost,core,stratified_holdout,141724,35432,20,0.9999435538496274,0.9993115318416523,0.9983731211317419,0.9999436861063017,0.0005599669170647203,0.00013087202387396246,5.352457232063705e-05,2,0.9999012351036072,0.999259352684021
XGBoost,no_threat_descriptors,stratified_holdout,141724,35432,17,0.999576653872206,0.9928101646004702,0.9900909356046756,0.9995799565442672,0.0015726837879226668,0.0007008360116742551,0.00011562925949944744,15,0.9996116757392883,0.728773295879364
XGBoost,minimal_context,stratified_holdout,141724,35432,11,0.9992097538947844,0.9850246940708873,0.9820909275015817,0.9992157742682974,0.002067332362269129,0.0010960431536659598,0.00017964673058448554,28,0.9995134472846985,0.7138053178787231
XGBoost,core,chronological_holdout,141725,35431,20,0.9933391662668285,0.8424258440297703,0.8667402969910263,0.9914264158625631,0.025084748136565325,0.011205633170902729,0.0045925900565083845,236,0.9984623789787292,0.8820276856422424
XGBoost,no_threat_descriptors,chronological_holdout,141725,35431,17,0.9882870932234484,0.7911019529619664,0.8367389419317544,0.9860279551926079,0.06370846170596292,0.020441878587007523,0.007832566185192118,415,0.996161699295044,0.8671820759773254
XGBoost,minimal_context,chronological_holdout,141725,35431,11,0.9861985267138946,0.7869002546280237,0.8249058615554986,0.9840389365442178,0.06457223177882199,0.022779759019613266,0.008986544806400498,489,0.9956536293029785,0.8331206440925598
