model,fit_seconds,predict_seconds,total_model_seconds,predict_ms_per_1000_rows,accuracy,balanced_accuracy,precision_weighted,recall_weighted,f1_weighted,f1_macro
XGBoost,5.103809738066047,0.24156022700481117,5.345369965070859,6.8175724487697895,0.9999435538496274,0.9993115318416523,0.9999442729088679,0.9999435538496274,0.9999436861063017,0.9983731211317419
LightGBM,4.081069604959339,1.0752717880532146,5.1563413930125535,30.347476519903324,0.9999435538496274,0.9993115318416523,0.9999442729088679,0.9999435538496274,0.9999436861063017,0.9983731211317419
CatBoost,10.39660121302586,0.16031815099995583,10.556919364025816,4.524671229395908,0.9999435538496274,0.9993115318416523,0.9999442729088679,0.9999435538496274,0.9999436861063017,0.9983731211317419
Extra Trees,2.4168789399554953,0.21535133803263307,2.6322302779881284,6.077877004759344,0.9998588846240687,0.9954405640997168,0.9998586635703937,0.9998588846240687,0.9998587169507277,0.9959039088174485
