model,fit_seconds,predict_seconds,total_model_seconds,predict_ms_per_1000_rows,accuracy,balanced_accuracy,precision_weighted,recall_weighted,f1_weighted,f1_macro
LightGBM,28.397960799979046,1.2067653000121936,29.60472609999124,34.05862779442858,0.9999435538496274,0.9993115318416523,0.9999442729088679,0.9999435538496274,0.9999436861063017,0.9983731211317419
CatBoost,27.518157099955715,0.40484570001717657,27.923002799972892,11.425990630423813,0.9999435538496274,0.9993115318416523,0.9999442729088679,0.9999435538496274,0.9999436861063017,0.9983731211317419
XGBoost,32.69215949997306,0.6405244000488892,33.33268390002195,18.077568301221756,0.9999153307744412,0.998021209261007,0.9999156439482639,0.9999153307744412,0.9999154304346767,0.9975539436842062
Extra Trees,6.528713300009258,0.49079640000127256,7.019509700010531,13.851783698387688,0.9998588846240687,0.9954405640997168,0.9998586635703937,0.9998588846240687,0.9998587169507277,0.9959039088174485
