model,fit_seconds,predict_seconds,total_model_seconds,predict_ms_per_1000_rows,accuracy,balanced_accuracy,precision_weighted,recall_weighted,f1_weighted,f1_macro
LightGBM,4.335579830920324,1.3260901540052146,5.661669984925538,37.42634212026458,0.999689546172951,0.9966873516346503,0.9996979030677089,0.999689546172951,0.9996921792407094,0.9931261012193195
XGBoost,5.209391796961427,0.25279535294976085,5.462187149911188,7.134662253041343,0.999576653872206,0.9928101646004702,0.9995854604174068,0.999576653872206,0.9995799565442672,0.9900909356046756
Extra Trees,2.544786666985601,0.19488275796175003,2.739669424947351,5.500190730462577,0.9992944231203432,0.9799069387940186,0.9992843971406511,0.9992944231203432,0.9992878224126911,0.9832853835956652
CatBoost,9.622745902976021,0.14387289993464947,9.76661880291067,4.060535672122642,0.9989839692932942,0.9978159726169371,0.9991345681530407,0.9989839692932942,0.9990260595186348,0.9798785995468299
