model,fit_seconds,predict_seconds,total_model_seconds,predict_ms_per_1000_rows,accuracy,balanced_accuracy,precision_weighted,recall_weighted,f1_weighted,f1_macro
LightGBM,18.09478200005833,1.1852488999720663,19.280030900030397,33.45136881835816,0.9999435538496274,0.9993115318416523,0.9999442729088679,0.9999435538496274,0.9999436861063017,0.9983731211317419
CatBoost,25.06766770000104,0.4789291999768466,25.546596899977885,13.51685481984778,0.9999435538496274,0.9993115318416523,0.9999442729088679,0.9999435538496274,0.9999436861063017,0.9983731211317419
XGBoost,42.44061050005257,0.7146396999014542,43.155250199954025,20.16932998141381,0.9999153307744412,0.998021209261007,0.9999156439482639,0.9999153307744412,0.9999154304346767,0.9975539436842062
Random Forest,12.109183100052178,0.4882274999981746,12.597410600050353,13.77928144045424,0.9998871076992549,0.996730886680362,0.9998871076992549,0.9998871076992549,0.9998871076992549,0.996730886680362
Extra Trees,5.992115199915133,0.608978100004606,6.601093299919739,17.187234703223243,0.9998588846240687,0.9954405640997168,0.9998586635703937,0.9998588846240687,0.9998587169507277,0.9959039088174485
Decision Tree,2.1299937000731006,0.32660940010100603,2.4566031001741067,9.217921655593985,0.9998024384736961,0.9928599189384265,0.9998014733950406,0.9998024384736961,0.9998015347356675,0.9945736750869691
