model,fit_seconds,predict_seconds,total_model_seconds,predict_ms_per_1000_rows,accuracy,balanced_accuracy,precision_weighted,recall_weighted,f1_weighted,f1_macro
LightGBM,14.006074400036596,1.2639204000588506,15.269994800095446,35.6717204803243,0.999689546172951,0.9966873516346503,0.9996979030677089,0.999689546172951,0.9996921792407094,0.9931261012193195
XGBoost,43.47312850004528,0.6760514000197873,44.149179900065064,19.080249492543103,0.9996048769473922,0.9941004871811154,0.9996153330365225,0.9996048769473922,0.9996085795832343,0.9905882358739222
Extra Trees,6.807440700009465,0.6643081000074744,7.47174880001694,18.748817453360644,0.9992944231203432,0.9799069387940186,0.9992843971406511,0.9992944231203432,0.9992878224126911,0.9832853835956652
CatBoost,23.78639210003894,0.4134748999495059,24.199866999988444,11.669533188911322,0.9989839692932942,0.9978159726169371,0.9991345681530407,0.9989839692932942,0.9990260595186348,0.9798785995468299
