{
  "dataset": "threat",
  "feature_set": "core",
  "sample_per_class": null,
  "tag": "no_threat_descriptors",
  "exclude_features": [
    "Severity",
    "Threat/Content Name",
    "Threat/Content Type"
  ],
  "run_timing": {
    "started_epoch": 1778850736.66377,
    "ended_epoch": 1778850767.599416,
    "wall_seconds": 30.93564708402846
  },
  "runtime": {
    "python": "3.12.3",
    "platform": "Linux-6.17.0-1011-oracle-aarch64-with-glibc2.39",
    "processor": "aarch64"
  },
  "rows": 177156,
  "train_rows": 141724,
  "test_rows": 35432,
  "features": [
    "Application",
    "Source Zone",
    "Destination Zone",
    "Inbound Interface",
    "Outbound Interface",
    "IP Protocol",
    "Source Port",
    "Destination Port",
    "Source Country",
    "Destination Country",
    "Category",
    "Direction",
    "Subcategory of app",
    "Category of app",
    "Technology of app",
    "Risk of app",
    "SaaS of app"
  ],
  "labels": [
    "Allow",
    "Deny",
    "Drop",
    "Reset-Both",
    "Reset-Server"
  ],
  "class_counts": {
    "Drop": 160788,
    "Deny": 10187,
    "Reset-Both": 2903,
    "Allow": 2502,
    "Reset-Server": 776
  },
  "holdout": [
    {
      "model": "Decision Tree",
      "fit_seconds": 0.7410507909953594,
      "predict_seconds": 0.10040807002224028,
      "total_model_seconds": 0.8414588610175997,
      "predict_ms_per_1000_rows": 2.8338245095461807,
      "accuracy": 0.9991815308195982,
      "balanced_accuracy": 0.9811661649134411,
      "precision_weighted": 0.9991774909511694,
      "recall_weighted": 0.9991815308195982,
      "f1_weighted": 0.9991792938319812,
      "f1_macro": 0.9820051044826525,
      "classification_report": {
        "Allow": {
          "precision": 1.0,
          "recall": 1.0,
          "f1-score": 1.0,
          "support": 500.0
        },
        "Deny": {
          "precision": 1.0,
          "recall": 1.0,
          "f1-score": 1.0,
          "support": 2038.0
        },
        "Drop": {
          "precision": 0.9995957460041047,
          "recall": 0.9995957460041047,
          "f1-score": 0.9995957460041047,
          "support": 32158.0
        },
        "Reset-Both": {
          "precision": 0.9931389365351629,
          "recall": 0.9965576592082617,
          "f1-score": 0.9948453608247423,
          "support": 581.0
        },
        "Reset-Server": {
          "precision": 0.9215686274509803,
          "recall": 0.9096774193548387,
          "f1-score": 0.9155844155844156,
          "support": 155.0
        },
        "accuracy": 0.9991815308195982,
        "macro avg": {
          "precision": 0.9828606619980496,
          "recall": 0.9811661649134411,
          "f1-score": 0.9820051044826525,
          "support": 35432.0
        },
        "weighted avg": {
          "precision": 0.9991774909511694,
          "recall": 0.9991815308195982,
          "f1-score": 0.9991792938319812,
          "support": 35432.0
        }
      },
      "confusion_matrix": [
        [
          500,
          0,
          0,
          0,
          0
        ],
        [
          0,
          2038,
          0,
          0,
          0
        ],
        [
          0,
          0,
          32145,
          2,
          11
        ],
        [
          0,
          0,
          1,
          579,
          1
        ],
        [
          0,
          0,
          12,
          2,
          141
        ]
      ]
    },
    {
      "model": "Random Forest",
      "fit_seconds": 5.087532397941686,
      "predict_seconds": 0.1931597200455144,
      "total_model_seconds": 5.280692117987201,
      "predict_ms_per_1000_rows": 5.451561301803861,
      "accuracy": 0.9993226461955295,
      "balanced_accuracy": 0.9811972613746637,
      "precision_weighted": 0.9993137567155093,
      "recall_weighted": 0.9993226461955295,
      "f1_weighted": 0.9993166025222558,
      "f1_macro": 0.9846011730693494,
      "classification_report": {
        "Allow": {
          "precision": 1.0,
          "recall": 1.0,
          "f1-score": 1.0,
          "support": 500.0
        },
        "Deny": {
          "precision": 1.0,
          "recall": 1.0,
          "f1-score": 1.0,
          "support": 2038.0
        },
        "Drop": {
          "precision": 0.999595808848677,
          "recall": 0.9997512283102183,
          "f1-score": 0.9996735125386732,
          "support": 32158.0
        },
        "Reset-Both": {
          "precision": 0.9948453608247423,
          "recall": 0.9965576592082617,
          "f1-score": 0.9957007738607051,
          "support": 581.0
        },
        "Reset-Server": {
          "precision": 0.9463087248322147,
          "recall": 0.9096774193548387,
          "f1-score": 0.9276315789473685,
          "support": 155.0
        },
        "accuracy": 0.9993226461955295,
        "macro avg": {
          "precision": 0.9881499789011269,
          "recall": 0.9811972613746637,
          "f1-score": 0.9846011730693494,
          "support": 35432.0
        },
        "weighted avg": {
          "precision": 0.9993137567155093,
          "recall": 0.9993226461955295,
          "f1-score": 0.9993166025222558,
          "support": 35432.0
        }
      },
      "confusion_matrix": [
        [
          500,
          0,
          0,
          0,
          0
        ],
        [
          0,
          2038,
          0,
          0,
          0
        ],
        [
          0,
          0,
          32150,
          1,
          7
        ],
        [
          0,
          0,
          1,
          579,
          1
        ],
        [
          0,
          0,
          12,
          2,
          141
        ]
      ]
    },
    {
      "model": "Extra Trees",
      "fit_seconds": 2.4851992439944297,
      "predict_seconds": 0.20570398005656898,
      "total_model_seconds": 2.6909032240509987,
      "predict_ms_per_1000_rows": 5.805598895252003,
      "accuracy": 0.9992944231203432,
      "balanced_accuracy": 0.9799069387940186,
      "precision_weighted": 0.9992843971406511,
      "recall_weighted": 0.9992944231203432,
      "f1_weighted": 0.9992878224126911,
      "f1_macro": 0.9832853835956652,
      "classification_report": {
        "Allow": {
          "precision": 1.0,
          "recall": 1.0,
          "f1-score": 1.0,
          "support": 500.0
        },
        "Deny": {
          "precision": 1.0,
          "recall": 1.0,
          "f1-score": 1.0,
          "support": 2038.0
        },
        "Drop": {
          "precision": 0.999595808848677,
          "recall": 0.9997512283102183,
          "f1-score": 0.9996735125386732,
          "support": 32158.0
        },
        "Reset-Both": {
          "precision": 0.9948453608247423,
          "recall": 0.9965576592082617,
          "f1-score": 0.9957007738607051,
          "support": 581.0
        },
        "Reset-Server": {
          "precision": 0.9395973154362416,
          "recall": 0.9032258064516129,
          "f1-score": 0.9210526315789473,
          "support": 155.0
        },
        "accuracy": 0.9992944231203432,
        "macro avg": {
          "precision": 0.9868076970219322,
          "recall": 0.9799069387940186,
          "f1-score": 0.9832853835956652,
          "support": 35432.0
        },
        "weighted avg": {
          "precision": 0.9992843971406511,
          "recall": 0.9992944231203432,
          "f1-score": 0.9992878224126911,
          "support": 35432.0
        }
      },
      "confusion_matrix": [
        [
          500,
          0,
          0,
          0,
          0
        ],
        [
          0,
          2038,
          0,
          0,
          0
        ],
        [
          0,
          0,
          32150,
          1,
          7
        ],
        [
          0,
          0,
          0,
          579,
          2
        ],
        [
          0,
          0,
          13,
          2,
          140
        ]
      ]
    },
    {
      "model": "XGBoost",