model,fit_seconds,predict_seconds,total_model_seconds,predict_ms_per_1000_rows,accuracy,balanced_accuracy,precision_weighted,recall_weighted,f1_weighted,f1_macro
LightGBM,21.623465499957092,1.1727898999815807,22.796255399938673,33.09973752488092,0.999689546172951,0.9966873516346503,0.9996979030677089,0.999689546172951,0.9996921792407094,0.9931261012193195
XGBoost,37.41032000002451,0.5287056999513879,37.9390256999759,14.921700721138743,0.9996048769473922,0.9941004871811154,0.9996153330365225,0.9996048769473922,0.9996085795832343,0.9905882358739222
Random Forest,12.39579589990899,0.3600925999926403,12.75588849990163,10.162920523612563,0.9993226461955295,0.9811972613746637,0.9993137567155093,0.9993226461955295,0.9993166025222558,0.9846011730693494
Extra Trees,6.511274499935098,0.6424124999903142,7.153686999925412,18.130856287827786,0.9992944231203432,0.9799069387940186,0.9992843971406511,0.9992944231203432,0.9992878224126911,0.9832853835956652
Decision Tree,1.7553515000035986,0.2167231000494212,1.9720746000530198,6.116592347296828,0.9991815308195982,0.9811661649134411,0.9991774909511694,0.9991815308195982,0.9991792938319812,0.9820051044826525
CatBoost,20.925289700040594,0.20781510008964688,21.13310480013024,5.8651811946728065,0.9989839692932942,0.9978159726169371,0.9991345681530407,0.9989839692932942,0.9990260595186348,0.9798785995468299
