{
  "dataset": "threat",
  "feature_set": "core",
  "sample_per_class": null,
  "tag": "baseline",
  "exclude_features": [],
  "run_timing": {
    "started_epoch": 1778850671.175226,
    "ended_epoch": 1778850702.848398,
    "wall_seconds": 31.6731722879922
  },
  "runtime": {
    "python": "3.12.3",
    "platform": "Linux-6.17.0-1011-oracle-aarch64-with-glibc2.39",
    "processor": "aarch64"
  },
  "rows": 177156,
  "train_rows": 141724,
  "test_rows": 35432,
  "features": [
    "Threat/Content Type",
    "Application",
    "Source Zone",
    "Destination Zone",
    "Inbound Interface",
    "Outbound Interface",
    "IP Protocol",
    "Source Port",
    "Destination Port",
    "Source Country",
    "Destination Country",
    "Threat/Content Name",
    "Category",
    "Severity",
    "Direction",
    "Subcategory of app",
    "Category of app",
    "Technology of app",
    "Risk of app",
    "SaaS of app"
  ],
  "labels": [
    "Allow",
    "Block",
    "Drop",
    "Reset-Both",
    "Reset-Server"
  ],
  "class_counts": {
    "Drop": 160788,
    "Block": 10187,
    "Reset-Both": 2903,
    "Allow": 2502,
    "Reset-Server": 776
  },
  "holdout": [
    {
      "model": "Decision Tree",
      "fit_seconds": 0.8711180590325966,
      "predict_seconds": 0.12236847798340023,
      "total_model_seconds": 0.9934865370159969,
      "predict_ms_per_1000_rows": 3.4536147545552107,
      "accuracy": 0.9998024384736961,
      "balanced_accuracy": 0.9928599189384265,
      "precision_weighted": 0.9998014733950406,
      "recall_weighted": 0.9998024384736961,
      "f1_weighted": 0.9998015347356675,
      "f1_macro": 0.9945736750869691,
      "classification_report": {
        "Allow": {
          "precision": 1.0,
          "recall": 1.0,
          "f1-score": 1.0,
          "support": 500.0
        },
        "Block": {
          "precision": 1.0,
          "recall": 1.0,
          "f1-score": 1.0,
          "support": 2038.0
        },
        "Drop": {
          "precision": 0.9999378109452737,
          "recall": 1.0,
          "f1-score": 0.9999689045057372,
          "support": 32158.0
        },
        "Reset-Both": {
          "precision": 0.9948453608247423,
          "recall": 0.9965576592082617,
          "f1-score": 0.9957007738607051,
          "support": 581.0
        },
        "Reset-Server": {
          "precision": 0.9868421052631579,
          "recall": 0.967741935483871,
          "f1-score": 0.9771986970684039,
          "support": 155.0
        },
        "accuracy": 0.9998024384736961,
        "macro avg": {
          "precision": 0.9963250554066347,
          "recall": 0.9928599189384265,
          "f1-score": 0.9945736750869691,
          "support": 35432.0
        },
        "weighted avg": {
          "precision": 0.9998014733950406,
          "recall": 0.9998024384736961,
          "f1-score": 0.9998015347356675,
          "support": 35432.0
        }
      },
      "confusion_matrix": [
        [
          500,
          0,
          0,
          0,
          0
        ],
        [
          0,
          2038,
          0,
          0,
          0
        ],
        [
          0,
          0,
          32158,
          0,
          0
        ],
        [
          0,
          0,
          0,
          579,
          2
        ],
        [
          0,
          0,
          2,
          3,
          150
        ]
      ]
    },
    {
      "model": "Random Forest",
      "fit_seconds": 5.0950994190061465,
      "predict_seconds": 0.21518396597821265,
      "total_model_seconds": 5.310283384984359,
      "predict_ms_per_1000_rows": 6.073153250683355,
      "accuracy": 0.9998871076992549,
      "balanced_accuracy": 0.996730886680362,
      "precision_weighted": 0.9998871076992549,
      "recall_weighted": 0.9998871076992549,
      "f1_weighted": 0.9998871076992549,
      "f1_macro": 0.996730886680362,
      "classification_report": {
        "Allow": {
          "precision": 1.0,
          "recall": 1.0,
          "f1-score": 1.0,
          "support": 500.0
        },
        "Block": {
          "precision": 1.0,
          "recall": 1.0,
          "f1-score": 1.0,
          "support": 2038.0
        },
        "Drop": {
          "precision": 1.0,
          "recall": 1.0,
          "f1-score": 1.0,
          "support": 32158.0
        },
        "Reset-Both": {
          "precision": 0.9965576592082617,
          "recall": 0.9965576592082617,
          "f1-score": 0.9965576592082617,
          "support": 581.0
        },
        "Reset-Server": {
          "precision": 0.9870967741935484,
          "recall": 0.9870967741935484,
          "f1-score": 0.9870967741935484,
          "support": 155.0
        },
        "accuracy": 0.9998871076992549,
        "macro avg": {
          "precision": 0.996730886680362,
          "recall": 0.996730886680362,
          "f1-score": 0.996730886680362,
          "support": 35432.0
        },
        "weighted avg": {
          "precision": 0.9998871076992549,
          "recall": 0.9998871076992549,
          "f1-score": 0.9998871076992549,
          "support": 35432.0
        }
      },
      "confusion_matrix": [
        [
          500,
          0,
          0,
          0,
          0
        ],
        [
          0,
          2038,
          0,
          0,
          0
        ],
        [
          0,
          0,
          32158,
          0,
          0
        ],
        [
          0,
          0,
          0,
          579,
          2
        ],
        [
          0,
          0,
          0,
          2,
          153
        ]
      ]
    },
    {
      "model": "Extra Trees",
      "fit_seconds": 2.483667655964382,
      "predict_seconds": 0.2157679699594155,
      "total_model_seconds": 2.6994356259237975,
      "predict_ms_per_1000_rows": 6.089635638953926,
      "accuracy": 0.9998588846240687,
      "balanced_accuracy": 0.9954405640997168,
      "precision_weighted": 0.9998586635703937,
      "recall_weighted": 0.9998588846240687,
      "f1_weighted": 0.9998587169507277,
      "f1_macro": 0.9959039088174485,
      "classification_report": {
        "Allow": {
          "precision": 1.0,
          "recall": 1.0,
          "f1-score": 1.0,
          "support": 500.0
        },
        "Block": {
          "precision": 1.0,
          "recall": 1.0,
          "f1-score": 1.0,
          "support": 2038.0
        },
        "Drop": {
          "precision": 1.0,
          "recall": 1.0,
          "f1-score": 1.0,
          "support": 32158.0
        },
        "Reset-Both": {
          "precision": 0.9948453608247423,
          "recall": 0.9965576592082617,
          "f1-score": 0.9957007738607051,
          "support": 581.0
        },
        "Reset-Server": {
          "precision": 0.987012987012987,
          "recall": 0.9806451612903225,
          "f1-score": 0.9838187702265372,
          "support": 155.0
        },
        "accuracy": 0.9998588846240687,
        "macro avg": {
          "precision": 0.9963716695675459,
          "recall": 0.9954405640997168,
          "f1-score": 0.9959039088174485,
          "support": 35432.0
        },
        "weighted avg": {
          "precision": 0.9998586635703937,
          "recall": 0.9998588846240687,
          "f1-score": 0.9998587169507277,
          "support": 35432.0
        }
      },
      "confusion_matrix": [
        [
          500,
          0,
          0,
          0,
          0
        ],
        [
          0,
          2038,
          0,
          0,
          0
        ],
        [
          0,
          0,
          32158,
          0,
          0
        ],
        [
          0,
          0,
          0,
          579,
          2
        ],
        [
          0,
          0,
          0,
          3,
          152
        ]
      ]
    },
    {
      "model": "XGBoost",
      "fit_seconds": 5.099591400008649,
      "predict_seconds": 0.24331110704224557,
      "total_model_seconds": 5.342902507050894,