model,fit_seconds,predict_seconds,total_model_seconds,predict_ms_per_1000_rows,accuracy,balanced_accuracy,precision_weighted,recall_weighted,f1_weighted,f1_macro
XGBoost,5.099591400008649,0.24331110704224557,5.342902507050894,6.866987667708443,0.9999435538496274,0.9993115318416523,0.9999442729088679,0.9999435538496274,0.9999436861063017,0.9983731211317419
LightGBM,4.218084064894356,1.0611714809201658,5.279255545814522,29.949522491537753,0.9999435538496274,0.9993115318416523,0.9999442729088679,0.9999435538496274,0.9999436861063017,0.9983731211317419
CatBoost,10.445116493967362,0.15896384697407484,10.604080340941437,4.486448605048397,0.9999435538496274,0.9993115318416523,0.9999442729088679,0.9999435538496274,0.9999436861063017,0.9983731211317419
Random Forest,5.0950994190061465,0.21518396597821265,5.310283384984359,6.073153250683355,0.9998871076992549,0.996730886680362,0.9998871076992549,0.9998871076992549,0.9998871076992549,0.996730886680362
Extra Trees,2.483667655964382,0.2157679699594155,2.6994356259237975,6.089635638953926,0.9998588846240687,0.9954405640997168,0.9998586635703937,0.9998588846240687,0.9998587169507277,0.9959039088174485
Decision Tree,0.8711180590325966,0.12236847798340023,0.9934865370159969,3.4536147545552107,0.9998024384736961,0.9928599189384265,0.9998014733950406,0.9998024384736961,0.9998015347356675,0.9945736750869691
