model,fit_seconds,predict_seconds,total_model_seconds,predict_ms_per_1000_rows,accuracy,balanced_accuracy,precision_weighted,recall_weighted,f1_weighted,f1_macro
LightGBM,4.306027399026789,1.2607017720583826,5.566729171085171,35.58088090027045,0.999689546172951,0.9966873516346503,0.9996979030677089,0.999689546172951,0.9996921792407094,0.9931261012193195
XGBoost,5.147219409933314,0.2517279830062762,5.39894739293959,7.104537790874808,0.999576653872206,0.9928101646004702,0.9995854604174068,0.999576653872206,0.9995799565442672,0.9900909356046756
Random Forest,5.087532397941686,0.1931597200455144,5.280692117987201,5.451561301803861,0.9993226461955295,0.9811972613746637,0.9993137567155093,0.9993226461955295,0.9993166025222558,0.9846011730693494
Extra Trees,2.4851992439944297,0.20570398005656898,2.6909032240509987,5.805598895252003,0.9992944231203432,0.9799069387940186,0.9992843971406511,0.9992944231203432,0.9992878224126911,0.9832853835956652
Decision Tree,0.7410507909953594,0.10040807002224028,0.8414588610175997,2.8338245095461807,0.9991815308195982,0.9811661649134411,0.9991774909511694,0.9991815308195982,0.9991792938319812,0.9820051044826525
CatBoost,9.580688871094026,0.13705719995778054,9.717746071051806,3.868175659228396,0.9989839692932942,0.9978159726169371,0.9991345681530407,0.9989839692932942,0.9990260595186348,0.9798785995468299
