model,test_accuracy.mean,test_accuracy.std,test_balanced_accuracy.mean,test_balanced_accuracy.std,test_f1_weighted.mean,test_f1_weighted.std,test_f1_macro.mean,test_f1_macro.std
Extra Trees,0.9992210249631892,0.00012697911890468017,0.9821179979275456,0.005650048014754032,0.9992217171776344,0.00012849741394867662,0.9814589104525636,0.0025239246388812976
XGBoost,0.9994411698883419,0.00010916724491813825,0.991452592465858,0.0037228663525523346,0.9994480010470503,0.00010701438133536551,0.9868700503037926,0.0024573446712422946
LightGBM,0.9993734325961402,0.00011346249165473405,0.9898307934820426,0.001223234334617304,0.9993816471119606,0.00010834567813852237,0.9853118392660951,0.002351660056958912
CatBoost,0.9988033127764687,0.00017362611512352128,0.9971397267622745,0.001325077178106915,0.9988589236431492,0.0001565470249912424,0.9769756004722698,0.004023081118615215
