model,test_accuracy.mean,test_accuracy.std,test_balanced_accuracy.mean,test_balanced_accuracy.std,test_f1_weighted.mean,test_f1_weighted.std,test_f1_macro.mean,test_f1_macro.std
Extra Trees,0.999819367539421,9.546221080740571e-05,0.9952843581594385,0.0031251092238431676,0.9998193910089419,9.544154195743212e-05,0.995017527303785,0.002547047506095128
XGBoost,0.9998645257342224,0.00011204579635678142,0.9969705575892887,0.0022109744567964606,0.9998648059210753,0.00011160143511316665,0.9964085190975949,0.002665227506788137
LightGBM,0.9998758151236096,8.101794204617211e-05,0.9978633490610098,0.0016172214062829208,0.9998762286667671,8.053110604816713e-05,0.9966739223177703,0.001951139703671385
CatBoost,0.9998475914111717,9.37783606803262e-05,0.9981139503104032,0.0012079289792647607,0.9998480814048282,9.322562394143993e-05,0.9966295095403119,0.0019302501179518543
