model,fit_seconds,predict_seconds,total_model_seconds,predict_ms_per_1000_rows,accuracy,balanced_accuracy,precision_weighted,recall_weighted,f1_weighted,f1_macro
Extra Trees,2.570646869018674,0.2267855009995401,2.797432370018214,6.40058424586645,1.0,1.0,1.0,1.0,1.0,1.0
CatBoost,10.276249405927956,0.1697057350538671,10.445955140981823,4.7896177199668974,1.0,1.0,1.0,1.0,1.0,1.0
Random Forest,5.157003088970669,0.22490088595077395,5.381903974921443,6.347394613647944,0.9999717769248138,0.9996557659208261,0.9999719578419625,0.9999717769248138,0.9999718101448923,0.9991846478947354
LightGBM,3.932846187031828,0.9516846010228619,4.88453078805469,26.859466048285782,0.9999717769248138,0.9996557659208261,0.9999719578419625,0.9999717769248138,0.9999718101448923,0.9991846478947354
XGBoost,4.678414313937537,0.22730770602356642,4.905722019961104,6.415322477522196,0.9998871076992549,0.996730886680362,0.9998871076992549,0.9998871076992549,0.9998871076992549,0.996730886680362
Decision Tree,0.9211600299458951,0.13167027395684272,1.0528303039027378,3.716140041681043,0.9998588846240687,0.9935483870967742,0.9998589471577827,0.9998588846240687,0.9998577435847305,0.9965369046188928
